tamanho_mb,so,media,mediana,desvio,minimo,maximo,cv_%
100,Linux,9.633,9.413,1.592,8.857,22.102,16.523
100,Windows,69.182,68.796,3.119,64.469,84.785,4.509
200,Linux,19.048,18.622,3.228,18.013,50.256,16.946
200,Windows,151.583,153.443,5.646,137.539,162.301,3.725
300,Linux,28.283,27.848,2.894,27.084,51.957,10.234
300,Windows,236.051,237.14,9.94,216.786,262.618,4.211
400,Linux,37.282,37.246,0.706,36.078,41.447,1.893
400,Windows,302.392,300.289,8.541,290.074,351.059,2.824
500,Linux,46.837,46.619,1.399,45.442,57.433,2.986
500,Windows,390.001,385.384,14.125,365.382,422.971,3.622
600,Linux,60.317,58.622,5.242,56.366,85.604,8.691
600,Windows,540.628,535.05,57.854,442.305,735.932,10.701
700,Linux,72.663,70.632,5.123,68.02,94.633,7.051
700,Windows,748.659,743.78,88.31,559.039,996.233,11.796
800,Linux,94.089,90.385,13.532,80.574,161.303,14.382
800,Windows,916.269,913.576,132.516,634.018,1299.643,14.463
900,Linux,123.992,119.578,19.838,94.651,190.08,16.0
900,Windows,1060.618,1086.735,196.796,716.593,2024.653,18.555
1000,Linux,147.5,134.804,35.937,105.536,260.797,24.364
1000,Windows,1219.73,1253.803,166.422,801.188,1635.613,13.644
