so,tamanho_mb,rep1_ms,mediana_rep2a100_ms,rep1/mediana
Linux,100,92.265,49.248,1.873
Linux,200,208.595,98.561,2.116
Linux,300,275.985,148.015,1.865
Linux,400,324.343,196.781,1.648
Linux,500,396.523,245.615,1.614
Linux,600,412.667,300.419,1.374
Linux,700,511.328,355.992,1.436
Linux,800,608.857,451.725,1.348
Linux,900,846.74,640.874,1.321
Linux,1000,938.568,725.277,1.294
Windows,100,340.241,240.688,1.414
Windows,200,527.637,495.775,1.064
Windows,300,766.867,751.424,1.021
Windows,400,1084.734,982.926,1.104
Windows,500,1446.652,1239.759,1.167
Windows,600,1645.203,1685.709,0.976
Windows,700,2132.73,2218.408,0.961
Windows,800,2616.074,2683.923,0.975
Windows,900,3092.925,3116.648,0.992
Windows,1000,3516.743,3523.972,0.998
