tamanho_mb,repeticao,alocacao_ns,escrita_ns,leitura_ns,limpeza_ns,total_ns
100,1,59652541,73096458,203550958,3940958,340240915
100,2,60352542,68600375,163210125,4320500,296483542
100,3,49793875,68546333,130698375,3356166,252394749
100,4,68148791,73739791,122428667,3248500,267565749
100,5,50696792,72616958,113727458,4476292,241517500
100,6,49553375,71346208,125416792,5532000,251848375
100,7,49618666,66159417,120300750,5308375,241387208
100,8,49682833,67110084,118193333,3151375,238137625
100,9,48865375,71522416,112389417,2955917,235733125
100,10,48411833,70911417,114868792,4036625,238228667
100,11,51754667,71637958,127976042,3269417,254638084
100,12,48948125,70630458,117353875,4708917,241641375
100,13,51611542,66878416,112568334,2997625,234055917
100,14,48459167,70349583,117050334,4828708,240687792
100,15,50177500,69053000,123989667,15550417,258770584
100,16,49711166,69490625,113160417,2958708,235320916
100,17,49490542,71895708,117435958,4957542,243779750
100,18,49718041,69463333,113395125,4791500,237367999
100,19,55488417,70139709,115921958,5369792,246919876
100,20,52486000,65500333,114718209,3109834,235814376
100,21,53366959,79727250,132409625,3089500,268593334
100,22,55331375,70842000,132578541,4939625,263691541
100,23,59657000,77236375,133694542,5529833,276117750
100,24,58240250,84784542,133027458,5784042,281836292
100,25,58681708,75414875,163409084,3470875,300976542
100,26,57271833,75352417,129495375,3422334,265541959
100,27,54294916,70500833,119923583,5138417,249857749
100,28,54989833,69974041,114955209,4669000,244588083
100,29,50128875,67088958,114701708,3440625,235360166
100,30,51847125,66970375,114648500,3383334,236849334
100,31,50603000,65268083,115345250,4512459,235728792
100,32,50238792,67067959,117105959,4584959,238997669
100,33,50407833,64468583,124333500,3087292,242297208
100,34,49180125,69898500,117214125,3251542,239544292
100,35,49521709,68357417,115897084,2949417,236725627
100,36,50053750,65180875,118292916,4886917,238414458
100,37,51429459,69926250,127710958,3505250,252571917
100,38,51002541,66466083,115353166,4778250,237600040
100,39,51640875,69323042,114672292,4689458,240325667
100,40,51374208,66023333,116310792,3411042,237119375
100,41,52369209,74258208,122100833,4577417,253305667
100,42,50984417,69392875,114637291,4718959,239733542
100,43,51536250,68514083,117036417,3273250,240360000
100,44,50147667,70229000,115326875,4871042,240574584
100,45,50908000,70023708,121078250,3473625,245483583
100,46,50234833,70281916,116852042,4755292,242124083
100,47,50685500,67790959,114107417,2834125,235418001
100,48,52014083,70484833,115691208,3000417,241190541
100,49,50871167,68128667,124038250,2968459,246006543
100,50,49491750,71639083,116170875,3386542,240688250
100,51,51254625,65692666,114565333,4911208,236423832
100,52,50757500,67089125,117524791,5254084,240625500
100,53,50764875,66137292,115678000,4707625,237287792
100,54,50893584,65888750,115532667,2939250,235254251
100,55,52015750,68288500,114946208,3272667,238523125
100,56,51252083,66671958,114765500,5008667,237698208
100,57,51126625,70492834,115248167,4915708,241783334
100,58,52699250,68746167,115254375,4549542,241249334
100,59,50684125,69251167,115961083,4777333,240673708
100,60,50786500,68065833,115794792,3303209,237950334
100,61,52304292,70651333,123537917,5521084,252014626
100,62,51795625,69361458,114903500,2918458,238979041
100,63,50788958,70550250,115432042,4864625,241635875
100,64,52266000,69426166,116170583,2910166,240772915
100,65,50892708,69769625,115562250,3324958,239549541
100,66,51632292,69147792,115571291,4635041,240986416
100,67,51329000,66566166,115767459,4690666,238353291
100,68,50989625,68272875,116524209,4672583,240459292
100,69,51662125,68498708,114633375,5072209,239866417
100,70,51091625,66460667,122553625,3896750,244002667
100,71,52489333,65879625,115282709,4978042,238629709
100,72,51384958,65198958,115518750,3650041,235752707
100,73,52104334,69280334,115907667,4992208,242284543
100,74,50991666,69164667,115299625,4796875,240252833
100,75,50985208,74781792,118297667,3489250,247553917
100,76,51321875,64976959,120622500,4430875,241352209
100,77,51316833,66842500,117778541,5080667,241018541
100,78,51580750,68050500,115295958,4881750,239808958
100,79,50756583,67204250,115711875,3619125,237291833
100,80,51900375,67622584,120438916,3337875,243299750
100,81,52136375,71228375,123980209,4799542,252144501
100,82,52228750,66359416,115563000,2838000,236989166
100,83,50257208,68680875,115534167,4944417,239416667
100,84,51302459,69876417,122591625,2898334,246668835
100,85,49593500,68797125,114110666,2955250,235456541
100,86,51095291,66861291,116934583,4458042,239349207
100,87,51278000,67118250,115670834,4705042,238772126
100,88,50712167,67459292,124876375,5926958,248974792
100,89,51355875,66918958,150869667,3485708,272630208
100,90,50001500,71912166,118900375,4126583,244940624
100,91,52741667,67509875,115507750,2838667,238597959
100,92,49745209,69340500,115448208,4983791,239517708
100,93,51667875,68794459,117359791,2805375,240627500
100,94,49349875,66499875,115077708,4853875,235781333
100,95,51085750,66495125,117033917,3233375,237848167
100,96,51079416,68232292,120235542,4684958,244232208
100,97,52451375,68956750,121697583,4086416,247192124
100,98,82674084,66956708,114213666,2875625,266720083
100,99,54860250,66920125,117496375,3199375,242476125
100,100,50921334,69967250,117317584,3201750,241407918
200,1,105426083,140224542,272039583,9947042,527637250
200,2,121590458,145227833,300689292,6225875,573733458
200,3,107127375,146048959,261904209,6054750,521135293
200,4,118667833,148191541,276707792,5946208,549513374
200,5,102524333,144040041,250857583,5989292,503411249
200,6,99399500,139959959,228329042,5678542,473367043
200,7,102789333,138183209,250467083,6083208,497522833
200,8,100709666,142335583,234142708,5941875,483129832
200,9,103930709,141774375,226796959,7093959,479596002
200,10,104747375,147533167,230188458,7738458,490207458
200,11,102826833,143436500,226811375,10101125,483175833
200,12,102897334,143336917,248621875,10825000,505681126
200,13,101832166,143138584,246496166,9375459,500842375
200,14,101707875,144317417,236266708,6775500,489067500
200,15,102594666,142031667,236355292,11002417,491984042
200,16,104545458,142676584,241288042,5944084,494454168
200,17,103010500,148879125,237395583,11209958,500495166
200,18,101322958,143870792,232343375,5789542,483326667
200,19,105876542,143950375,232430333,5905584,488162834
200,20,104601875,143700708,225809167,6097500,480209250
200,21,106856667,142063417,240324541,11207125,500451750
200,22,104776167,145527292,228083666,5909875,484297000
200,23,103803625,142721125,234706208,5969583,487200541
200,24,100726916,145172834,230674334,5914417,482488501
200,25,99574583,149506167,233421042,9306291,491808083
200,26,101757125,143571500,232114708,5834792,483278125
200,27,99762250,137539083,233983833,5996250,477281416
200,28,100705166,142921625,245222042,5936542,494785375
200,29,100659209,154857583,236135958,10067333,501720083
200,30,104666500,154719666,228959208,7887375,496232749
200,31,105650625,156839958,231468000,5634166,499592749
200,32,101399958,155560334,231364708,10024333,498349333
200,33,102721625,155014333,230788875,5692958,494217791
200,34,99851041,158429709,228257917,5798375,492337042
200,35,109110958,157341917,231495000,5769458,503717333
200,36,99493959,158548458,233983500,5842375,497868292
200,37,101066666,159867708,231558875,9663292,502156541
200,38,145329167,151309708,229370125,5778500,531787500
200,39,103502833,151554667,232047208,9372792,496477500
200,40,102851708,150844666,229167334,5977417,488841125
200,41,105121166,151871542,226642333,7217917,490852958
200,42,105756958,153711334,228816541,8758583,497043416
200,43,105893834,156131792,234776666,9038167,505840459
200,44,104444750,156255083,230935334,9496042,501131209
200,45,103255875,154672250,226775458,12833583,497537166
200,46,102903000,153626875,226680959,8995125,492205959
200,47,104103791,156722083,225974167,9276666,496076707
200,48,102453042,154586958,232049209,5746166,494835375
200,49,103235042,153801542,230651833,5877000,493565417
200,50,103469666,152858708,232386792,6569958,495285124
200,51,106483208,155812042,230302375,7863250,500460875
200,52,104575750,157272333,235665958,5841625,503355666
200,53,104405792,152020333,227091875,9068041,492586041
200,54,104700208,155136208,250884625,6366750,517087791
200,55,105115542,157071292,227584625,9170209,498941668
200,56,102728875,159637042,233228208,5850375,501444500
200,57,103584459,155912292,227219583,5697791,492414125
200,58,100008750,162300625,234435042,6962250,503706667
200,59,104104417,152421000,229839375,5745417,492110209
200,60,103140167,152710083,233399750,9120833,498370833
200,61,104980250,156007625,228568917,5833959,495390751
200,62,104369125,152244666,232478625,8774500,497866916
200,63,105365042,153867458,228123084,6393750,493749334
200,64,104347458,152231333,233400458,5795875,495775124
200,65,104777667,153449250,227552334,9365000,495144251
200,66,104443917,153253500,228725042,9300333,495722792
200,67,116312250,152166708,249614250,8617833,526711041
200,68,115749958,158997209,230403583,7944541,513095291
200,69,103910916,154604250,232554209,5929250,496998625
200,70,103093917,157203500,227850958,5692917,493841292
200,71,102666959,154783000,227813500,5757750,491021209
200,72,103364459,158042959,229043042,5798375,496248835
200,73,102612333,154290375,229714916,9709708,496327332
200,74,102786417,154071500,229203917,9308709,495370543
200,75,102905042,148780208,228214417,7711667,487611334
200,76,103830458,154040500,236464375,5974875,500310208
200,77,103671084,156118292,228594334,9697667,498081377
200,78,104580375,154441000,229770625,6209458,495001458
200,79,103911584,154387333,244128750,5915875,508343542
200,80,104396041,156805500,228382666,9564042,499148249
200,81,106465334,154481167,229751959,9108125,499806585
200,82,105713459,153291625,229323625,5811250,494139959
200,83,103352791,153436667,229501959,5808375,492099792
200,84,102561333,153571125,228698333,10199042,495029833
200,85,102841625,153341208,228245083,6059250,490487166
200,86,100482209,148320208,228504959,10808833,488116209
200,87,102892625,151064416,226840959,7083791,487881791
200,88,103967875,155062541,234532000,7869208,501431624
200,89,104544125,157610125,233469292,5894417,501517959
200,90,103871875,153587167,227238875,9483959,494181876
200,91,102519167,157283750,232156166,5913250,497872333
200,92,103077834,153872959,228010000,9498166,494458959
200,93,103686292,153147375,233215667,5963291,496012625
200,94,100156375,160875542,230123458,9398083,500553458
200,95,104227458,154038500,234161916,9855917,502283791
200,96,103521000,151948667,229360291,5829083,490659041
200,97,102485750,153856500,240427209,9542042,506311501
200,98,103148334,151591834,229026416,9263500,493030084
200,99,103596834,153223708,230526250,5649625,492996417
200,100,104340708,153594209,234258500,7068250,499261667
300,1,165037916,230351125,360553375,10924958,766867374
300,2,156618916,237250334,369625375,16419208,779913833
300,3,155858833,237896750,358522667,10753416,763031666
300,4,157483792,230169666,357451833,10615208,755720499
300,5,156638125,240159625,340276042,13920333,750994125
300,6,157174959,233957375,346171833,9807542,747111709
300,7,162251083,262618125,353952209,8774959,787596376
300,8,157148708,235210208,340473750,8698917,741531583
300,9,157331583,235820959,343849000,8693084,745694626
300,10,156547666,244164833,346511958,13160958,760385415
300,11,158947500,238149792,366281916,18001792,781381000
300,12,163710208,241928458,350275917,10926791,766841374
300,13,156423875,233337000,342418583,14065209,746244667
300,14,154780625,236065750,340826167,8715708,740388250
300,15,151561625,248766584,346832792,31026625,778187626
300,16,160074083,239557000,346674292,8724541,755029916
300,17,155646042,236984292,339955917,8805208,741391459
300,18,165908291,238564875,341793791,14659041,760925998
300,19,155650792,229057542,347549959,33675167,765933460
300,20,154806917,241028875,344629708,8796625,749262125
300,21,162824209,240304208,351237166,10837917,765203500
300,22,157151375,239107125,341879208,8689667,746827375
300,23,155080792,232227833,355016500,11131166,753456291
300,24,159842500,221240958,352580125,13724166,747387749
300,25,155469708,220019208,343968292,13951375,733408583
300,26,168337667,231113166,342300000,13661667,755412500
300,27,154140417,221862666,341576333,8805792,726385208
300,28,150043709,231779167,356604042,10348917,748775835
300,29,156587292,247253083,345040625,8742333,757623333
300,30,152798750,238161583,344021541,8748750,743730624
300,31,154393250,237344708,337102750,10325500,739166208
300,32,157506333,228349792,341496958,8688750,736041833
300,33,150173416,244091542,343284291,17485958,755035207
300,34,155139083,238339625,338044458,9823250,741346416
300,35,156784667,235282875,341054167,14359958,747481667
300,36,154650625,234160709,342996833,14610459,746418626
300,37,156084083,236585500,347134166,13512625,753316374
300,38,153117917,232101667,338056917,8700584,731977085
300,39,156095917,251929708,337284084,13230166,758539875
300,40,157289667,239849875,340969125,8655959,746764626
300,41,162617583,240185416,348569666,8872167,760244832
300,42,153762750,244831292,415440333,10859958,824894333
300,43,156388917,236880125,343213750,13919500,750402292
300,44,156859250,243155167,346944584,40020208,786979209
300,45,155903000,235745125,343008667,13667541,748324333
300,46,155326042,236445834,346842000,8752875,747366751
300,47,153856916,243933292,347314250,11565125,756669583
300,48,157302458,237575708,346371208,11371333,752620707
300,49,170316166,241013000,338118333,8736209,758183708
300,50,158379250,233894375,345857417,13293375,751424417
300,51,157380000,240889917,349473709,10298750,758042376
300,52,211740792,245035583,347375666,14946792,819098833
300,53,155186000,223834291,346080708,13487375,738588374
300,54,157537750,240612084,340608792,13005666,751764292
300,55,159063000,237300875,351051042,8789583,756204500
300,56,157200125,252796833,342586333,8685458,761268749
300,57,157204167,248870000,345367625,8987375,760429167
300,58,158868083,243279791,664099125,10353667,1076600666
300,59,287171917,237759875,543538875,9514584,1077985251
300,60,259096042,258827458,570206917,9501250,1097631667
300,61,246438125,253220250,345767917,8643792,854070084
300,62,155265791,232301583,337245041,14153500,738965915
300,63,155850834,239772500,406797959,12598084,815019377
300,64,278230875,257379500,396873042,14806542,947289959
300,65,155894500,218047792,342919750,14497291,731359333
300,66,155361375,253860917,367462584,9015458,785700334
300,67,156655292,229753792,349839292,8800250,745048626
300,68,155374750,219147458,346636583,8825583,729984374
300,69,152970666,242051000,345984208,10593333,751599207
300,70,158055000,249066542,346711458,8848916,762681916
300,71,152077375,236527458,343522750,8678542,740806125
300,72,153985375,229563792,336430208,8911208,728890583
300,73,154497041,236010416,345492292,9345708,745345457
300,74,156583917,228474708,355670250,8781458,749510333
300,75,155489334,237707084,346359916,8829292,748385626
300,76,150043917,245807375,347869916,14008875,757730083
300,77,155633083,244962709,341644541,9489584,751729917
300,78,156191708,237693125,352208084,8805333,754898250
300,79,153643416,244453167,345720917,14766416,758583916
300,80,156002833,221823875,341637542,14425958,733890208
300,81,161563042,223358750,343912042,14696834,743530668
300,82,154373375,224570125,339582000,8698208,727223708
300,83,160280333,221682708,347910875,14955750,744829666
300,84,167086209,251905084,345096125,9083375,773170793
300,85,156174583,242582375,360491708,10512958,769761624
300,86,156910292,239492833,341325125,14385709,752113959
300,87,157835792,241155834,344003458,8827209,751822293
300,88,156493333,237028958,353559416,8816875,755898582
300,89,160414083,236365333,347347542,13009125,757136083
300,90,154970042,223230958,340227083,10214375,728642458
300,91,163800250,221459375,349705167,14224500,749189292
300,92,154653291,221544417,349011042,8713500,733922250
300,93,155578708,221181875,340873834,12995625,730630042
300,94,156228833,221910250,349796958,8887208,736823249
300,95,157223250,224265458,341789542,8817541,732095791
300,96,154796042,222657792,342034708,8788084,728276626
300,97,157230542,220997500,340877666,8784875,727890583
300,98,157969083,218477250,339248000,14534584,730228917
300,99,155309917,216785875,339904792,14933875,726934459
300,100,159916833,221837667,345110875,8642167,735507542
400,1,215502375,299841083,554649334,14741542,1084734334
400,2,209387458,305702750,524545666,16601667,1056237541
400,3,208406959,302159292,458773875,11659500,980999626
400,4,206840917,298082167,465230875,12746291,982900250
400,5,208660500,297662500,495142375,18908708,1020374083
400,6,210636334,296761959,454678458,13766500,975843251
400,7,208330042,292537250,460215500,18203375,979286167
400,8,208316083,300695042,462412625,11502625,982926375
400,9,207264083,298819250,458406250,11786458,976276041
400,10,208942625,299525625,461347917,15722083,985538250
400,11,218804917,299001917,462582166,19088041,999477041
400,12,207261875,296667791,461367666,18251417,983548749
400,13,207021583,297748500,464018125,11692334,980480542
400,14,208001125,304708084,463207792,17574541,993491542
400,15,207035084,294131292,475359834,12788250,989314460
400,16,209412000,296271459,456795750,18541375,981020584
400,17,208476208,293800334,458870042,19367875,980514459
400,18,207098458,296386875,459695042,18370292,981550667
400,19,215483917,300296584,459593125,12847083,988220709
400,20,207545916,296034167,459872917,11883333,975336333
400,21,220774375,298144875,481683750,12241709,1012844709
400,22,214858084,311850792,464525541,19018541,1010252958
400,23,206219458,298485375,485712542,12926458,1003343833
400,24,214077708,321954750,480020500,17961792,1034014750
400,25,206710292,313252209,454141666,18395583,992499750
400,26,208092417,307910417,463193209,11537833,990733876
400,27,212740250,293429958,460589833,11587709,978347750
400,28,212755375,305126791,493876541,11636500,1023395207
400,29,214476458,304656084,460398334,13171583,992702459
400,30,208559667,301944000,454820458,18934584,984258709
400,31,206766500,302657125,455837708,12286458,977547791
400,32,208087625,298580584,464284959,16744292,987697460
400,33,211036791,303029583,456148250,11680125,981894749
400,34,209007583,297256709,459528375,12935291,978727958
400,35,209804333,306682542,454306167,11565917,982358959
400,36,205901208,308474625,556697500,17380584,1088453917
400,37,223693666,298650959,459286000,18181500,999812125
400,38,207329208,300363417,450957166,15369917,974019708
400,39,215627334,299553875,456655625,19012500,990849334
400,40,206803959,299237959,471780375,11718875,989541168
400,41,216605125,300077334,462887833,19032791,998603083
400,42,207051333,301623375,453214791,19617875,981507374
400,43,218030917,351058792,469692208,20046958,1058828875
400,44,217340584,297516583,459907125,11749292,986513584
400,45,214408417,308894292,460504375,11646459,995453543
400,46,212130000,295897000,461047708,13557291,982631999
400,47,204822417,293978250,495128708,14665541,1008594916
400,48,217713250,300533416,456534833,18910166,993691665
400,49,205664125,306050084,457730000,47640667,1017084876
400,50,206639709,302287750,506141000,12525125,1027593584
400,51,213324375,309321208,458526333,18935167,1000107083
400,52,212569666,299476042,454515792,18808875,985370375
400,53,208850542,299061458,458812959,11787167,978512126
400,54,200561083,303249208,452143458,19556292,975510041
400,55,205780958,304087292,452107458,19310792,981286500
400,56,212002042,304425125,466414167,17372417,1000213751
400,57,214942625,328839500,472713000,11759250,1028254375
400,58,210105458,299587625,452757209,11792791,974243083
400,59,206802542,297047750,449283167,18722083,971855542
400,60,205605208,300801292,452325625,19905041,978637166
400,61,220436375,301385750,446326959,11561042,979710126
400,62,210550791,298532000,448885167,18408500,976376458
400,63,208452500,296561417,448954958,11564791,965533666
400,64,207027959,295063333,481421708,13617709,997130709
400,65,206726833,297000000,446969917,11912417,962609167
400,66,205744833,298910292,449180208,18683875,972519208
400,67,211539291,290073833,455764250,15713333,973090707
400,68,208116334,301421000,454573625,11713375,975824334
400,69,209489583,329055583,480112333,12187792,1030845291
400,70,208793250,302979833,479869292,18694125,1010336500
400,71,213166292,300093625,452663292,12650500,978573709
400,72,214795125,294693041,449198375,11561167,970247708
400,73,209674417,294422042,459996291,11644500,975737250
400,74,208400750,298067625,449580500,11636000,967684875
400,75,206958584,297755208,459939084,11837500,976490376
400,76,200211083,312594500,448319042,11665875,972790500
400,77,211213500,296976375,457243375,11989250,977422500
400,78,212094375,298433500,479687042,19746167,1009961084
400,79,207949417,302563084,455809625,18071584,984393710
400,80,206713084,305149125,566219583,14778791,1092860583
400,81,299315541,323305584,481714291,18285792,1122621208
400,82,214336542,304095208,684957916,13418250,1216807916
400,83,212704958,293163333,511241500,16281583,1033391374
400,84,211861125,296218250,447970833,19075542,975125750
400,85,203390500,303164792,479443875,11929041,997928208
400,86,204680000,307808125,452725208,19583542,984796875
400,87,206397500,300842834,454966500,12532667,974739501
400,88,209841542,305987583,448570542,11792417,976192084
400,89,199905125,310454209,445328292,12183917,967871543
400,90,204599792,303580417,448080500,20072167,976332876
400,91,204058416,305025917,450876625,13836041,973796999
400,92,208510375,308329750,456439375,11507667,984787167
400,93,208542500,298546125,448469375,16100125,971658125
400,94,205137208,300733375,446967959,11531500,964370042
400,95,204929458,299067209,454682417,20605458,979284542
400,96,204990959,305456958,451874750,12477166,974799833
400,97,207229500,293674583,477673958,11679292,990257333
400,98,207540083,300280708,451325917,11897167,971043875
400,99,205048625,316412041,458782667,18729292,998972625
400,100,205682583,309393500,505987084,19118875,1040182042
500,1,275221833,376460834,775277791,19691333,1446651791
500,2,277857750,419632792,652486291,16754541,1366731374
500,3,266037333,395126958,623804625,14671125,1299640041
500,4,268885375,381794042,661325583,17385084,1329390084
500,5,270231083,407075208,710833750,17979875,1406119916
500,6,266337000,422353458,637413541,18002916,1344106915
500,7,262517000,386686500,609979708,20537500,1279720708
500,8,261767834,412665792,666757250,17653667,1358844543
500,9,274257958,416093791,588848250,19119041,1298319040
500,10,258879250,416004875,621126625,14572791,1310583541
500,11,260564500,378629458,567174458,23117250,1229485666
500,12,256560250,383175084,613322333,17186125,1270243792
500,13,267106916,396645084,643399000,19813667,1326964667
500,14,263536834,390375792,606013292,20874709,1280800627
500,15,261213000,399873667,622432458,15379417,1298898542
500,16,278931834,417612458,638554541,14712125,1349810958
500,17,257199292,411616875,567214083,22262625,1258292875
500,18,256580250,389825834,617638833,23216708,1287261625
500,19,260570958,380218042,588299000,15125000,1244213000
500,20,253485708,391346917,581163792,21330583,1247327000
500,21,267568542,386388958,580554167,22178083,1256689750
500,22,260941667,376934333,564305250,18978292,1221159542
500,23,271600000,396018709,570009666,18170375,1255798750
500,24,260446083,390512583,569989375,16932084,1237880125
500,25,267208083,384660917,560959334,23876500,1236704834
500,26,259786583,381317333,564257708,18762708,1224124332
500,27,260059625,378579708,584239833,22063125,1244942291
500,28,257365000,375428792,577528750,14496375,1224818917
500,29,259873583,377416250,563808750,14572083,1215670666
500,30,256230625,382356000,560932542,24039792,1223558959
500,31,267943875,416391000,604592625,15046209,1303973709
500,32,275410084,412680375,588536667,16252333,1292879459
500,33,267438584,389918333,566961875,14456792,1238775584
500,34,285924250,392163375,570077292,24054666,1272219583
500,35,254963375,389393792,563597625,15359625,1223314417
500,36,277839583,384879916,577167958,16557708,1256445165
500,37,256575375,365382042,561431291,22871666,1206260374
500,38,255988333,379236958,570326000,61290625,1266841916
500,39,260483041,385887542,562643833,24056917,1233071333
500,40,256830667,402200583,587403500,17513917,1263948667
500,41,265597458,378285791,563006125,14643333,1221532707
500,42,251149041,386081417,562562500,14485000,1214277958
500,43,258119459,383504166,592491250,17921458,1252036333
500,44,259116958,410941625,604335041,15126542,1289520166
500,45,258807000,384831125,571101666,14674583,1229414374
500,46,261008875,381464667,566458667,14460083,1223392292
500,47,260725292,380989792,574847208,23687958,1240250250
500,48,256501416,389784459,569721167,20932125,1236939167
500,49,262030417,379028542,584473542,14226625,1239759126
500,50,257302083,373093833,611296209,16621292,1258313417
500,51,256930000,383212167,563253459,14502709,1217898335
500,52,267082417,409383083,625414125,32774584,1334654209
500,53,265181208,375364708,565627750,22714125,1228887791
500,54,255805500,383244542,624190083,18154083,1281394208
500,55,276896166,411497750,606464333,22314625,1317172874
500,56,268427333,413924959,627291333,18175625,1327819250
500,57,261446834,390000333,570096292,23746542,1245290001
500,58,256405042,379100417,572085167,14537459,1222128085
500,59,260890041,377650834,567243291,24252584,1230036750
500,60,259232250,377455459,560353125,18211875,1215252709
500,61,262784458,373089250,570695459,21393958,1227963125
500,62,258605208,404360000,560543625,14446917,1237955750
500,63,259014000,384462500,558445000,22323250,1224244750
500,64,260696792,377758750,564717500,17065750,1220238792
500,65,256098208,379505833,565515250,14896125,1216015416
500,66,259302792,392623916,570643750,20258125,1242828583
500,67,259595541,415846375,562141875,22010333,1259594124
500,68,257330666,411312667,564676583,14405417,1247725333
500,69,258000625,393985583,572738875,23698209,1248423292
500,70,256428875,402260542,617262542,15924917,1291876876
500,71,258301125,386438000,570857917,20669375,1236266417
500,72,257440291,376033000,563337500,17461625,1214272416
500,73,255517458,384458875,567772833,14467791,1222216957
500,74,260585375,394254125,575449291,14607667,1244896458
500,75,260306917,414355416,576999416,14554458,1266216207
500,76,252557208,422970542,588664208,19926625,1284118583
500,77,272066625,414340667,576865792,20092125,1283365209
500,78,257264542,384593542,562947833,22595000,1227400917
500,79,256081833,392328958,587855833,14328584,1250595208
500,80,268878500,374698042,564760125,14621167,1222957834
500,81,270750417,386923542,564108959,22618292,1244401210
500,82,262047083,374739583,577001084,15409000,1229196750
500,83,258019750,374289292,563830708,16845084,1212984834
500,84,265214333,384161041,570144833,15035917,1234556124
500,85,260813167,380049500,562894375,16021500,1219778542
500,86,257322625,382491333,566284709,18735417,1224834084
500,87,258188083,372278791,566807834,16389833,1213664541
500,88,295928750,394120834,567059167,14297208,1271405959
500,89,260801292,388226500,567816583,15020583,1231864958
500,90,255956542,378927000,568463875,18003083,1221350500
500,91,258122208,381171000,567148375,24708042,1231149625
500,92,257464750,377523209,566640875,14796833,1216425667
500,93,256948459,377651500,562317042,21508250,1218425251
500,94,255560917,391723542,564762959,23516834,1235564252
500,95,255101166,389140541,563868875,14369542,1222480124
500,96,256504084,380103625,565163542,14650667,1216421918
500,97,255777792,373420959,553622709,14683042,1197504502
500,98,256680458,377282709,553407125,14580209,1201950501
500,99,256688334,379126875,564164959,14209791,1214189959
500,100,256134000,407313875,597332875,14729875,1275510625
600,1,315692000,442305375,865121416,22084417,1645203208
600,2,341453125,511493625,771360416,19864458,1644171624
600,3,316783417,487816875,732352625,26242500,1563195417
600,4,335338625,474779500,776446416,19835667,1606400208
600,5,323690083,492108709,788423125,32258000,1636479917
600,6,319999875,479874667,734755500,24865125,1559495167
600,7,314662542,461426042,691245250,23616750,1490950584
600,8,314283458,472094625,770904875,17994458,1575277416
600,9,323553541,485266583,715007250,34183833,1558011207
600,10,325182917,471877834,701851584,26182584,1525094919
600,11,317564166,467335708,709139292,17471500,1511510666
600,12,317443416,443713542,728097417,18240625,1507495000
600,13,318942792,486394583,760746292,19207541,1585291208
600,14,318767208,499024875,735934750,23126125,1576852958
600,15,308325042,451893916,708069459,22385875,1490674292
600,16,332869500,482948958,718892083,19761917,1554472458
600,17,317378834,466321375,717075208,17837333,1518612750
600,18,313796250,475599000,692690459,20737583,1502823292
600,19,313593042,470600167,1210087167,26749709,2021030085
600,20,326686750,540148167,853767208,20875875,1741478000
600,21,436140083,515819625,1196854542,27709667,2176523917
600,22,602835000,538628209,1876291334,42294583,3060049126
600,23,743744458,683163583,1785137375,18457709,3230503125
600,24,343555083,683573709,852584958,25248416,1904962166
600,25,361158750,734614875,1133283875,28526292,2257583792
600,26,635326167,735932500,1023826167,24233542,2419318376
600,27,367497125,614072959,916099541,23963958,1921633583
600,28,370662042,628593125,910272542,20607542,1930135251
600,29,330144042,507399291,752942500,23633083,1614118916
600,30,312137375,538994917,763721666,19204375,1634058333
600,31,320592958,503672959,777313250,28399459,1629978626
600,32,320681458,549393750,759019083,20346500,1649440791
600,33,315879416,550497416,857878500,23127542,1747382874
600,34,310644250,627907041,817115833,24270459,1779937583
600,35,316469167,558360167,750107750,19650208,1644587292
600,36,315654541,548434333,740603625,19302250,1623994749
600,37,338000750,549763666,757044416,22883458,1667692290
600,38,319806458,498919125,703662208,63591583,1585979374
600,39,312353334,471430833,720886833,26301750,1530972750
600,40,309936000,589805250,763423625,27285500,1690450375
600,41,361600625,584300250,763112541,20515875,1729529291
600,42,339523459,542351458,871672666,24022709,1777570292
600,43,342455208,574954625,819488500,27208333,1764106666
600,44,315361000,562018250,784993542,23376791,1685749583
600,45,314080875,526293459,711344083,30077542,1581795959
600,46,324799125,516923708,799764417,21889750,1663377000
600,47,331669667,524861084,769467875,85746583,1711745209
600,48,312746500,497107917,821122792,22884833,1653862042
600,49,336340458,600976917,785091083,18494667,1740903125
600,50,321619417,532843125,805258000,26622167,1686342709
600,51,332051584,532869458,977670875,22883791,1865475708
600,52,345855083,494574875,943442083,22408750,1806280791
600,53,326971500,610898000,864590166,20521541,1822981207
600,54,331514416,546785917,824644417,26506292,1729451042
600,55,335017916,638197625,847328250,23610750,1844154541
600,56,324257583,565292375,820164709,23782458,1733497125
600,57,317358875,571078625,777465500,23073417,1688976417
600,58,324913208,550145958,752567500,21014792,1648641458
600,59,322318208,550185584,800593000,26349959,1699446751
600,60,337501917,565340750,776603708,20712375,1700158750
600,61,338065958,565102333,776602666,23561875,1703332832
600,62,330571750,517828083,782360375,22112791,1652872999
600,63,325358125,500511542,733842958,18401458,1578114083
600,64,315221792,524626084,732427042,18298667,1590573585
600,65,317508042,487191708,741488083,18182958,1564370791
600,66,312220292,526444417,716954916,22417416,1578037041
600,67,315218584,504265041,790415167,18324875,1628223667
600,68,324667750,527584958,836005167,23444708,1711702583
600,69,338000959,616967959,847824208,19485625,1822278751
600,70,326329875,513375458,795196583,24923042,1659824958
600,71,331144000,633634208,870005625,20183375,1854967208
600,72,329136541,566420542,764677166,18306541,1678540790
600,73,321779416,535026500,770822042,18856750,1646484708
600,74,324839167,590739084,768807708,25587708,1709973667
600,75,317708125,510426417,780177667,23502833,1631815042
600,76,372670791,669371542,1145891042,22235416,2210168791
600,77,328642125,566576708,802738583,19309125,1717266541
600,78,337989292,562321833,810598625,18163875,1729073625
600,79,311880709,523542334,732256208,23418292,1591097543
600,80,311573333,520448333,781391750,25350333,1638763749
600,81,350067208,592177166,882137833,23696750,1848078957
600,82,325099459,528738791,868421584,23416583,1745676417
600,83,323293167,516661541,841422708,19097959,1700475375
600,84,325734292,541696208,796842375,18634750,1682907625
600,85,322367291,575118458,890611417,23723667,1811820833
600,86,323632458,570901917,828675958,23808917,1747019250
600,87,317822875,535900959,795571875,21415542,1670711251
600,88,341523875,540537750,790712833,25271375,1698045833
600,89,324578417,535072542,795720834,23407792,1678779585
600,90,317887833,551422042,835458583,19729750,1724498208
600,91,324989667,569878166,787678125,18585833,1701131791
600,92,328407458,550254459,815987750,25437250,1720086917
600,93,317534208,492187000,740693542,23658916,1574073666
600,94,319899708,546852417,837627042,26209250,1730588417
600,95,335745000,569676375,889220916,18869209,1813511500
600,96,322063875,468680250,813527833,81437166,1685709124
600,97,325829375,587857875,780784042,26823125,1721294417
600,98,319882500,510641583,735160958,30448916,1596133957
600,99,310891584,524227458,719118000,29830334,1584067376
600,100,310867375,511949750,735401292,22279667,1580498084
700,1,374644208,622308833,1105979666,29796958,2132729665
700,2,371036042,604584542,1475642208,126748334,2578011126
700,3,515698792,786398541,1074142042,23889541,2400128916
700,4,398357583,701734500,1069951417,30755791,2200799291
700,5,397334750,933071334,1136508125,39022333,2505936542
700,6,403014792,702077875,1059668625,25335875,2190097167
700,7,374094000,715111750,1017260541,26919291,2133385582
700,8,394848125,667454292,1013807875,29350833,2105461125
700,9,361618125,805179667,1058347250,31064208,2256209250
700,10,375786875,835768125,1050107167,22704375,2284366542
700,11,375178792,708566375,973974500,30175125,2087894792
700,12,423334833,582769833,1040669917,26791333,2073565916
700,13,393565333,741102750,1080504333,32268250,2247440666
700,14,377745125,803519541,1006392583,30750417,2218407666
700,15,373311000,727238417,998854041,32235458,2131638916
700,16,419828125,638013167,1258860083,26716000,2343417375
700,17,384192250,726742791,1119950708,36566042,2267451791
700,18,391657541,773358708,995825125,24418834,2185260208
700,19,380826083,724729958,1026531166,25781583,2157868790
700,20,390452042,582712791,1052412625,28774250,2054351708
700,21,398142667,780651458,1046081000,31560916,2256436041
700,22,369818916,878038042,1119073208,24469625,2391399791
700,23,395658750,704844750,1009781084,27412709,2137697293
700,24,406210750,711431208,1115615583,30428291,2263685832
700,25,374066208,734756667,880241541,23670583,2012734999
700,26,378686958,652906791,1077246709,30540250,2139380708
700,27,402763666,711387666,992365500,33228958,2139745790
700,28,398586917,785594875,1089152333,30388500,2303722625
700,29,386749666,806028959,1128896750,30226500,2351901875
700,30,377708708,676412042,1087857750,30783417,2172761917
700,31,388914500,723417791,1051159333,26010708,2189502332
700,32,386395916,729162958,1022743041,33563917,2171865832
700,33,385650375,679326166,889935125,23878750,1978790416
700,34,367766417,772268166,1054001959,29049583,2223086125
700,35,399556791,747578542,979244500,30982750,2157362583
700,36,388504500,701360708,1006280291,24400250,2120545749
700,37,399711375,675339792,1055425542,32943083,2163419792
700,38,381580041,750540750,957523541,29327709,2118972041
700,39,367930375,838470875,1005131208,29027084,2240559542
700,40,361756125,599155083,968180834,131325084,2060417126
700,41,373669083,722511333,1063520959,29524333,2189225708
700,42,392796834,709089000,1053983459,29318375,2185187668
700,43,389053292,732810875,1023446083,71637583,2216947833
700,44,377245000,813934250,1149974542,27214750,2368368542
700,45,366324542,752268250,1148777917,29247833,2296618542
700,46,387636667,808960458,1207986916,23901250,2428485291
700,47,397545250,760738583,1116725709,24565167,2299574709
700,48,386482166,705303208,1017028500,27332584,2136146458
700,49,378277042,585075125,1112471541,31355583,2107179291
700,50,461614917,630345166,1207906833,35529834,2335396750
700,51,398288125,807638791,1211114958,31938334,2448980208
700,52,419442875,802142541,1182652584,82132416,2486370416
700,53,384282459,752927208,1042735083,30627334,2210572084
700,54,399408542,728713125,1105088917,25225458,2258436042
700,55,392081042,618164417,986365750,104380667,2100991876
700,56,396851459,866136542,992440792,46607417,2302036210
700,57,366675875,760411792,1049261792,33052916,2209402375
700,58,421327042,718117875,1136298208,32413375,2308156500
700,59,377567542,791997292,923905708,42795167,2136265709
700,60,370504334,797938125,964783375,29378791,2162604625
700,61,396013166,726357875,1075764959,29266417,2227402417
700,62,387745709,830196166,1079956292,32604667,2330502834
700,63,374916916,804198167,1069586459,27807541,2276509083
700,64,385325500,680152166,1047658167,101375250,2214511083
700,65,386647250,767496958,1072803167,28944417,2255891792
700,66,383562542,701121666,1073485292,28693959,2186863459
700,67,416973417,594617083,1111025750,31019417,2153635667
700,68,373874458,826647708,940859208,34032084,2175413458
700,69,372658291,996233125,1396577000,30223750,2795692166
700,70,447484708,754361292,1014391292,34643250,2250880542
700,71,372588791,931497333,1191025667,25067958,2520179749
700,72,412216666,928322500,1032042125,23957250,2396538541
700,73,385729167,881359041,1046336292,28600667,2342025167
700,74,412691083,622632166,1079433000,33427458,2148183707
700,75,374296250,744525292,986494792,27331916,2132648250
700,76,401467375,740555500,1151869000,31734708,2325626583
700,77,400688459,838332334,1091832208,38610166,2369463167
700,78,372520583,848671125,1230152417,26344584,2477688709
700,79,391925708,610616917,1053860208,47334125,2103736958
700,80,372218250,795533958,979273583,43876791,2190902582
700,81,384453583,743034083,1011976375,30122291,2169586332
700,82,387430125,995718709,1261197916,28034292,2672381042
700,83,382484333,641941500,1180233958,28433083,2233092874
700,84,394300625,792437708,1034661209,28919291,2250318833
700,85,396247000,746280667,1017883750,27588541,2187999958
700,86,420308334,675049625,1037732125,30109542,2163199626
700,87,368512916,836510000,1054886542,31654750,2291564208
700,88,372423959,780678875,1118868000,24197833,2296168667
700,89,382908292,800896291,1091619833,114667292,2390091708
700,90,376678416,685153584,1103721375,29735167,2195288542
700,91,397126583,559039416,1033361333,31216417,2020743749
700,92,381945167,699166166,1042990541,24205500,2148307374
700,93,373830708,863446375,968257208,30356541,2235890832
700,94,380775250,807586875,1192955292,25460875,2406778292
700,95,399181459,712245625,967000000,30179000,2108606084
700,96,380953292,774112375,833677416,34631042,2023374125
700,97,377722375,841046250,1010933375,30227625,2259929625
700,98,404267459,786411667,1210040875,24383292,2425103293
700,99,386492125,853903500,1070803250,26586708,2337785583
700,100,391065125,741439417,1179528875,29897458,2341930875
800,1,436527125,782135500,1361514875,35896458,2616073958
800,2,474180209,1019508583,1520421250,192178042,3206288084
800,3,474727167,1003539584,1603995000,40708334,3122970085
800,4,625473542,846758166,1675830125,54652791,3202714624
800,5,601773875,1036582791,1544663959,103736625,3286757250
800,6,650371250,744653000,1649677959,38064375,3082766584
800,7,587411458,834292250,1473350208,39063208,2934117124
800,8,603888791,1245696375,1477272750,40447709,3367305625
800,9,604218500,1193442500,1396083875,37057958,3230802833
800,10,618957292,736869166,1700270083,75574875,3131671416
800,11,654127209,1139551083,1572792291,33229083,3399699666
800,12,662050208,1025991208,1427294958,32624917,3147961291
800,13,630378417,825608959,1406769250,34131375,2896888001
800,14,566279834,1214600917,1528121625,32781708,3341784084
800,15,656939500,1019092958,1549324041,49945125,3275301624
800,16,687803416,1102055583,1586246875,32988458,3409094332
800,17,469133041,917096333,1391878000,28368333,2806475707
800,18,464224250,904296500,1183585458,31631166,2583737374
800,19,451056625,915316792,1432583500,47944292,2846901209
800,20,463434750,959392125,1616053291,37903541,3076783707
800,21,475734875,746072000,1562473167,27954333,2812234375
800,22,466927209,1299643167,1492512792,36788500,3295871668
800,23,438886833,1058330083,1336379125,77337583,2910933624
800,24,468862167,1008523333,1287572708,53867958,2818826166
800,25,430164583,1021720375,1373995375,28102000,2853982333
800,26,461177458,1021216917,1175749625,32510875,2690654875
800,27,427270042,1064887667,1283389875,54782625,2830330209
800,28,478509250,937572333,1168864083,30735917,2615681583
800,29,436716583,968018584,1333895875,33181708,2771812750
800,30,469065708,1037414125,1237099334,32333875,2775913042
800,31,432529709,941645916,1186138500,124340208,2684654333
800,32,460649083,938216083,1331235291,27945334,2758045791
800,33,442464292,1007758084,1292424916,31885291,2774532583
800,34,459119208,766006917,1378189125,32856000,2636171250
800,35,438333000,977174541,1391251250,76708209,2883467000
800,36,488010542,808863208,1436749292,60933125,2794556167
800,37,430954042,951436459,1114676833,30928334,2527995668
800,38,464385792,722575541,1178734167,36513792,2402209292
800,39,447857791,832034333,1148418958,26542500,2454853582
800,40,423920791,965339583,1279096708,66805209,2735162291
800,41,483425167,873263125,1214446375,51488042,2622622709
800,42,463232458,827210875,1166976625,33448417,2490868375
800,43,460328833,1072984791,1640076167,32368625,3205758416
800,44,465119167,678654375,1500616958,37666584,2682057084
800,45,431389250,1053674333,1366308375,33971208,2885343166
800,46,467419708,737638417,1266397625,37172292,2508628042
800,47,429742833,906934833,1296487584,33194084,2666359334
800,48,480852541,954362333,1151385958,38448667,2625049499
800,49,420966416,1064544125,1303243250,33305667,2822059458
800,50,465375792,723049334,1363640333,36288458,2588353917
800,51,430377834,851656000,1161573375,27271417,2470878626
800,52,434160250,857581000,1230746500,66881208,2589368958
800,53,449856084,902472458,1384928834,28951334,2766208710
800,54,473430167,889802625,1286484083,34206500,2683923375
800,55,435595458,911836041,1232192500,28461417,2608085416
800,56,480476417,795933416,1182148750,28158625,2486717208
800,57,475014375,885660375,1179155208,28321333,2568151291
800,58,463883833,824230333,1256117500,70763334,2614995000
800,59,435043542,966330750,1249219167,36228500,2686821959
800,60,454179667,870934333,1176256584,31123500,2532494084
800,61,450024000,877393250,1260858375,28279458,2616555083
800,62,490477542,858844000,1142484708,83454334,2575260584
800,63,427621042,814233000,1185730833,48536333,2476121208
800,64,416548416,871926250,1197016541,27682208,2513173415
800,65,457356209,981490750,1220563792,117855250,2777266001
800,66,462481875,928013292,1447312917,92017667,2929825751
800,67,413997542,708485958,1472933250,35536291,2630953041
800,68,458580083,939773500,1246817917,33463667,2678635167
800,69,465136291,839416459,1372077250,28056209,2704686209
800,70,461734625,995002084,1319980625,34428667,2811146001
800,71,435841958,784948750,1374656250,60071541,2655518499
800,72,441335875,1068416959,1302037875,34725667,2846516376
800,73,471195125,1008987375,1131403708,113877083,2725463291
800,74,424262042,1091861667,1370555875,68231167,2954910751
800,75,468897792,869891792,1273053667,28475792,2640319043
800,76,436008916,634017500,1553906667,28202958,2652136041
800,77,467314375,785513333,1205504542,27930708,2486262958
800,78,464954208,853454959,1208274584,109859041,2636542792
800,79,438725666,1047777708,1255358875,31359042,2773221291
800,80,477662333,835212750,1322028000,37522583,2672425666
800,81,451717000,1000629959,1189128209,28247791,2669722959
800,82,500853250,700845792,1235951917,31198959,2468849918
800,83,477653333,904720375,1148429625,32355458,2563158791
800,84,440643708,1065843791,1391182875,33543625,2931213999
800,85,468904417,700676000,1393862500,29376417,2592819334
800,86,430543375,971220625,1216364500,34620750,2652749250
800,87,441276250,667214750,1401256208,27385208,2537132416
800,88,460230042,875236375,1111704333,33670958,2480841708
800,89,444555375,965949625,1217567750,33787209,2661859959
800,90,461463500,744989333,1099716333,31757000,2337926166
800,91,450430750,839186959,1168831958,57797458,2516247125
800,92,431229583,965758542,1137099375,56461625,2590549125
800,93,438244708,1054429666,1304351417,27419750,2824445541
800,94,466518542,755864666,1284869500,34292250,2541544958
800,95,433896333,842491666,1106180041,36586166,2419154206
800,96,472093041,1045539916,1419540792,36368750,2973542499
800,97,443195083,1028419333,1140078000,35174834,2646867250
800,98,432415250,918788750,1167082500,28602334,2546888834
800,99,471262292,789925041,1147701667,30273458,2439162458
800,100,453396417,804833625,1257325875,34442250,2549998167
900,1,501751416,1138912375,1414080250,38180625,3092924666
900,2,488656125,747153666,1447824250,38225917,2721859958
900,3,475180000,1016432583,1485458209,28339292,3005410084
900,4,519175542,756823709,1463131417,26973375,2766104043
900,5,486060167,1048765084,1577947250,61419625,3174192126
900,6,541536459,1094555958,1484148167,32068916,3152309500
900,7,525469458,961988042,1356692208,84950000,2929099708
900,8,503672542,860716791,1350736375,38625667,2753751375
900,9,473566083,1048680250,1497864084,39221291,3059331708
900,10,536410833,1080399125,1509447667,39110500,3165368125
900,11,514540459,716593083,1404232042,27596917,2662962501
900,12,473823292,1085702625,1433568917,137394250,3130489084
900,13,488271333,1060206458,1479384542,41739750,3069602083
900,14,473785916,1059757125,1462089000,94283791,3089915832
900,15,479311584,1095783250,1711007542,119855250,3405957626
900,16,484065709,1038745708,1311346667,32124166,2866282250
900,17,479045500,1142491583,1560554084,29716709,3211807876
900,18,502865458,848782500,1579947625,67517209,2999112792
900,19,482293084,1321942375,2178681917,138011291,4120928667
900,20,512265333,1160002334,1644686750,40567000,3357521417
900,21,549635417,1318897292,1456278208,47264000,3372074917
900,22,536791291,866934084,1546481416,107905958,3058112749
900,23,478911583,1225374917,1439875917,52382416,3196544833
900,24,537460875,785476042,1649148125,124215042,3096300084
900,25,470930833,1194936292,1476492041,89537417,3231896583
900,26,500217125,827105625,1593441042,44581791,2965345583
900,27,482094541,1131082042,1462038292,35869333,3111084208
900,28,518165000,830175500,1675832042,33975417,3058147959
900,29,510393750,1178312292,1410241416,158426500,3257373958
900,30,517091666,1057624084,1232784959,39805667,2847306376
900,31,472543083,1073403000,1470397250,66025542,3082368875
900,32,520514167,1196301500,1459716416,74162166,3250694249
900,33,487440167,1221742500,1432344000,32579291,3174105958
900,34,541914083,941540666,1367555375,41410208,2892420332
900,35,465923417,1203877167,1434038375,67971709,3171810668
900,36,507517167,774338583,1558411041,235866000,3076132791
900,37,474342041,1145920584,1420175875,30339125,3070777625
900,38,519871833,994566833,1447677667,48631791,3010748124
900,39,491940709,934933125,1343525500,48619750,2819019084
900,40,545785625,1063083417,1497713416,88535917,3195118375
900,41,536213875,1093136417,1324899375,127647292,3081896959
900,42,489109416,1017696584,1616593250,80002875,3203402125
900,43,483486542,788373042,1684838209,159950250,3116648043
900,44,465690500,1162025958,1518320041,65154958,3211191457
900,45,523626208,761187459,1508191542,97416542,2890421751
900,46,471288583,1246501041,1424032708,180574667,3322396999
900,47,537672208,1185671833,1359526458,87465125,3170335624
900,48,500227083,995556625,1497094875,56541916,3049420499
900,49,510076333,1104557250,1375963917,87482167,3078079667
900,50,486577541,1305356416,1575410584,162711959,3530056500
900,51,508894459,1129892708,1496210625,136294916,3271292708
900,52,516449250,2024653000,1408268666,100643500,4050014416
900,53,461459291,1124877708,1397029833,94102167,3077468999
900,54,537084792,971936584,1470029750,90487875,3069539001
900,55,483008333,1198627125,1513467708,121421833,3316524999
900,56,497090167,941111208,1418413166,49800166,2906414707
900,57,478574291,1271136375,1533824750,81835500,3365370916
900,58,509895000,1071786958,1287937625,205415333,3075034916
900,59,462335292,1094098792,1454300208,113494500,3124228792
900,60,521880542,781645375,1622801417,179226584,3105553918
900,61,479896167,1144539834,1449812458,46685417,3120933876
900,62,526182041,735516375,1575680916,51105084,2888484416
900,63,500959125,1203294292,1519277209,105998916,3329529542
900,64,504857750,758823417,1561079584,196964209,3021724960
900,65,468305833,1210124292,1451502166,136425208,3266357499
900,66,530181459,1060019666,1353028000,97869417,3041098542
900,67,523895667,969431125,1489764125,103663750,3086754667
900,68,532651125,1146872750,1554756541,51989167,3286269583
900,69,518703625,732680875,1637291417,55975125,2944651042
900,70,493392625,1274013542,1657847916,49727542,3474981625
900,71,501173375,750024041,1554927916,92187000,2898312332
900,72,471127625,1293229458,1629813959,77281375,3471452417
900,73,521344292,837031542,1432006333,192475917,2982858084
900,74,455699042,1161123125,1465186916,64256500,3146265583
900,75,495499916,862643209,1568170250,79265917,3005579292
900,76,477772625,716975875,1517493708,64933625,2777175833
900,77,484762125,1244883250,1613554750,48953000,3392153125
900,78,520990916,1086239333,1436747083,209647417,3253624749
900,79,637784375,1379721417,1634663041,216190500,3868359333
900,80,516649959,1191407291,1568676542,155227209,3431961001
900,81,530184917,1115836167,1347719458,73540000,3067280542
900,82,505349333,1272913875,1588746583,166663875,3533673666
900,83,520790417,1005860167,1339881750,136523083,3003055417
900,84,514650750,1032318625,1525185416,161980834,3234135625
900,85,511983417,1096695417,1352161541,110278458,3071118833
900,86,465361709,724892209,1462834625,188286542,2841375085
900,87,544781458,1238481083,1526074500,215703583,3525040624
900,88,520633666,927667875,1350026250,199139584,2997467375
900,89,482017250,1229254000,1542189541,201300500,3454761291
900,90,525799208,1144838834,1244534625,113828042,3029000709
900,91,459657791,1087647000,1567617083,94496584,3209418458
900,92,527576667,739301167,1646557667,107986875,3021422376
900,93,480971334,1172887916,1381881250,195729000,3231469500
900,94,518224416,1031145875,1416359000,280607750,3246337041
900,95,495233500,1121445000,1552342666,48876166,3217897332
900,96,474651500,1087231250,1444724041,186202541,3192809332
900,97,484688334,1172963042,1605434083,157134250,3420219709
900,98,494230084,1074371666,1410184333,94498916,3073284999
900,99,598274375,1241396166,1340587959,126047333,3306305833
900,100,484950834,1266206709,1372366625,156121334,3279645502
1000,1,549748916,1303120583,1582337333,81536167,3516742999
1000,2,538872334,1274433792,1599189291,63110000,3475605417
1000,3,580051875,1246523334,1711563250,37821417,3575959876
1000,4,558549375,1309281916,1619305208,175213042,3662349541
1000,5,559069833,1214630208,1784287167,132789833,3690777041
1000,6,848999666,1471455459,2001736667,34539667,4356731459
1000,7,538544000,1492388042,1917281583,84700875,4032914500
1000,8,553115417,1269937500,1985819667,48706208,3857578792
1000,9,556361000,1635612541,1901468375,121022167,4214464083
1000,10,542160125,1184142167,1675562375,169539209,3571403876
1000,11,563231375,856522667,1647156042,88832375,3155742459
1000,12,522506083,1209597375,1854581750,76162791,3662847999
1000,13,583876750,1320667458,1898323667,105886000,3908753875
1000,14,557967541,1363192708,1880058375,144197458,3945416082
1000,15,540117167,1332296750,2051599292,151919083,4075932292
1000,16,545841667,1196189667,1697838583,43177458,3483047375
1000,17,570040083,847314916,1462455750,126938292,3006749041
1000,18,520078209,1278417333,1688354208,47983416,3534833166
1000,19,539607417,1297433500,1659525375,87001291,3583567583
1000,20,581867125,1122779709,1447500750,87391542,3239539126
1000,21,574182875,1186025084,1762420000,69087292,3591715251
1000,22,531369875,1361188250,1814312500,91909458,3798780083
1000,23,545052417,1249792958,1609489041,63844125,3468178541
1000,24,583232834,1016401458,1496025791,120251292,3215911375
1000,25,516253375,1255493792,1602873875,165629458,3540250500
1000,26,524217417,1258639250,1582635167,63238416,3428730250
1000,27,517358916,1250441250,1608783417,31364041,3407947624
1000,28,528719625,1195051625,1657202042,42928041,3423901333
1000,29,518219375,1242630625,1678566584,64302458,3503719042
1000,30,520186791,1317770208,1669191083,71867542,3579015624
1000,31,544908666,1397884417,1956290750,43712917,3942796750
1000,32,573050083,1235700666,1683997084,108572458,3601320291
1000,33,581119166,832087875,1601004667,20852250,3035063958
1000,34,524378209,801187750,1718449417,183706000,3227721376
1000,35,516285291,1131979750,1784563333,52627792,3485456166
1000,36,585668041,1075964417,1697165750,171522333,3530320541
1000,37,512288333,1235979083,1736848500,73445667,3558561583
1000,38,542253292,1199385875,1552343291,114494417,3408476875
1000,39,589763000,896169084,2047411458,106880292,3640223834
1000,40,517381000,1244023458,1903220125,120318750,3784943333
1000,41,580534208,1245009250,1507826958,37737041,3371107457
1000,42,572382042,946512667,1580899625,138945500,3238739834
1000,43,507449542,1231861625,1725465000,122001917,3586778084
1000,44,511612917,1312494125,1364551541,62781958,3251440541
1000,45,517902958,1170574042,1760403125,29571958,3478452083
1000,46,518582958,1259517583,1602601667,56083917,3436786125
1000,47,511956458,1189811750,1766945042,56480667,3525193917
1000,48,523649917,1238136750,1592969542,83699208,3438455417
1000,49,504604334,1334887250,1572670167,106913792,3519075543
1000,50,512060417,1259899916,1647598750,60908250,3480467333
1000,51,518883792,1273730459,1558143458,165557125,3516314834
1000,52,507914583,1136206208,1651572500,63605916,3359299207
1000,53,523191042,1329251083,1550516958,103978208,3506937291
1000,54,519463250,869953667,1791400125,118386292,3299203334
1000,55,509131500,1358225167,1835121208,22840750,3725318625
1000,56,534791792,1291003417,1905040000,49827167,3780662376
1000,57,559336625,1258436833,1611015667,78089417,3506878542
1000,58,582023458,1047826708,1472830208,42093125,3144773499
1000,59,523455125,1233586334,1598829000,29754958,3385625417
1000,60,505964042,843824708,1884997959,171459500,3406246209
1000,61,527008167,1186277417,1655833917,75602916,3444722417
1000,62,511273083,1257473667,1519105916,63775208,3351627874
1000,63,505786208,1242708583,1665796792,129269209,3543560792
1000,64,507166375,1278688250,1637809667,147125250,3570789542
1000,65,505729667,1337424625,1579610209,37819250,3460583751
1000,66,516879375,1220890583,1745972916,107207708,3590950582
1000,67,515355750,1362268500,1671076584,121703708,3670404542
1000,68,513530500,1232312375,1535925125,42545084,3324313084
1000,69,521184708,1392301875,1750876792,56798209,3721161584
1000,70,559685750,1067674583,1454146209,105384292,3186890834
1000,71,516516334,1315593208,1877236208,90594458,3799940208
1000,72,512617458,1330998625,1604917042,61617458,3510150583
1000,73,573379542,964012666,1845838875,72701000,3455932083
1000,74,533482167,1343271000,2058848583,82485542,4018087292
1000,75,562139792,1276436334,1601196208,71797459,3511569793
1000,76,533723792,1252111833,1590752000,139611125,3516198750
1000,77,549736333,1213114083,1436371584,56877333,3256099333
1000,78,514284458,1145431375,1800955041,98322041,3558992915
1000,79,509278625,1401517583,1522396750,68039500,3501232458
1000,80,526833666,1302921417,1444993042,160537833,3435285958
1000,81,559611917,1292301125,1707944750,96728166,3656585958
1000,82,551260166,1200469292,1571929000,99890167,3423548625
1000,83,587530959,871793958,1847764416,97521792,3404611125
1000,84,541941500,1353471834,1987529250,59112666,3942055250
1000,85,553457000,1400967417,1878260292,93713958,3926398667
1000,86,526400375,1268712125,1918057083,29132042,3742301625
1000,87,571052250,1236147542,1593649542,123123041,3523972375
1000,88,564696209,803056167,1812332292,99266083,3279350751
1000,89,517280666,1328043041,1944363166,129393041,3919079914
1000,90,521267334,1559864458,2003435041,70717833,4155284666
1000,91,519698167,1321103083,2131552083,130767084,4103120417
1000,92,523483250,1298039791,1893307959,65296916,3780127916
1000,93,560582458,1299905916,1685027083,69811083,3615326540
1000,94,562249916,884579542,1537230209,45204917,3029264584
1000,95,522913875,1274562625,1746061250,75649292,3619187042
1000,96,530372166,1318249208,1763764166,63363042,3675748582
1000,97,579350875,1180412334,1561993125,85335125,3407091459
1000,98,581244500,1370400333,1610670666,74117917,3636433416
1000,99,556820834,1316943292,1610336083,98561875,3582662084
1000,100,588580958,830084375,1871388334,98825709,3388879376
